Domain,Score,Length,Pattern,Status,Timestamp
webaa.com,65,5,web___,Available,2025-09-18 18:31:15
webii.com,65,5,web___,Available,2025-09-18 18:31:15
webuu.com,65,5,web___,Available,2025-09-18 18:31:15
webepi.com,55,6,web___,Available,2025-09-18 18:31:15
webjan.com,55,6,web___,Available,2025-09-18 18:31:15
webesh.com,55,6,web___,Available,2025-09-18 18:31:15
webfet.com,55,6,web___,Available,2025-09-18 18:31:15
webhan.com,55,6,web___,Available,2025-09-18 18:31:15
webush.com,55,6,web___,Available,2025-09-18 18:31:15
webvan.com,55,6,web___,Available,2025-09-18 18:31:15
webket.com,55,6,web___,Available,2025-09-18 18:31:15
webupi.com,55,6,web___,Available,2025-09-18 18:31:15
webrar.com,55,6,web___,Available,2025-09-18 18:31:15
webuli.com,55,6,web___,Available,2025-09-18 18:31:15
webyar.com,55,6,web___,Available,2025-09-18 18:31:15
webili.com,55,6,web___,Available,2025-09-18 18:31:15
webbad.com,55,6,web___,Available,2025-09-18 18:31:15
webmor.com,55,6,web___,Available,2025-09-18 18:31:15
webgan.com,55,6,web___,Available,2025-09-18 18:31:15
webabr.com,55,6,web___,Available,2025-09-18 18:31:15
weboli.com,55,6,web___,Available,2025-09-18 18:31:15
webgol.com,55,6,web___,Available,2025-09-18 18:31:15
webkar.com,55,6,web___,Available,2025-09-18 18:31:15
webopi.com,55,6,web___,Available,2025-09-18 18:31:15
webdar.com,55,6,web___,Available,2025-09-18 18:31:15
webtan.com,55,6,web___,Available,2025-09-18 18:31:15
webget.com,55,6,web___,Available,2025-09-18 18:31:15
websar.com,55,6,web___,Available,2025-09-18 18:31:15
webmet.com,55,6,web___,Available,2025-09-18 18:31:15
webfoo.com,45,6,web___,Available,2025-09-18 18:31:15
webboo.com,45,6,web___,Available,2025-09-18 18:31:15
webroo.com,45,6,web___,Available,2025-09-18 18:31:15
webnoo.com,45,6,web___,Available,2025-09-18 18:31:15
websoo.com,45,6,web___,Available,2025-09-18 18:31:15
webzoo.com,45,6,web___,Available,2025-09-18 18:31:15
webpoo.com,45,6,web___,Available,2025-09-18 18:31:15
webgoo.com,45,6,web___,Available,2025-09-18 18:31:15
